{
  "swagger": "2.0",
  "info": {
    "version": "1.0.0",
    "title": "Only Motors",
    "description": "Documentation from Only Motors API's"
  },
  "host": "localhost:3333",
  "basePath": "/",
  "tags": [
    {
      "name": "Users",
      "description": "Endpoints"
    },
    {
      "name": "Sales",
      "description": "Endpoints"
    }
  ],
  "schemes": [
    "http",
    "https"
  ],
  "securityDefinitions": {
    "ApiKeyAuth": {
      "type": "apiKey",
      "in": "header",
      "name": "Authorization",
      "description": "Bearer token authtentication"
    }
  },
  "consumes": [
    "application/json"
  ],
  "produces": [
    "application/json"
  ],
  "paths": {
    "/login": {
      "post": {
        "tags": [
          "Users"
        ],
        "description": "Endpoint responsible to login the app.",
        "consumes": [
          "application/json"
        ],
        "parameters": [
          {
            "name": "obj",
            "in": "body",
            "schema": {
              "type": "object",
              "properties": {
                "emailUser": {
                  "example": "any"
                },
                "senhaUser": {
                  "example": "any"
                }
              }
            }
          }
        ],
        "responses": {
          "401": {
            "description": "Unauthorized"
          }
        }
      }
    },
    "/users": {
      "get": {
        "tags": [
          "Users"
        ],
        "description": "Endpoint responsible for searching all existing users in the users collection.",
        "parameters": [],
        "responses": {}
      },
      "post": {
        "tags": [
          "Users"
        ],
        "description": "Endpoint responsible for from a csv file, register one or multiple users in collection of users.",
        "consumes": [
          "multipart/form-data"
        ],
        "parameters": [
          {
            "name": "file",
            "in": "formData",
            "type": "file",
            "required": "true",
            "description": "CSV file containing user data to be registered. The CSV file must be in the expected format."
          }
        ],
        "responses": {
          "500": {
            "description": "Internal Server Error"
          }
        }
      }
    },
    "/users/userid": {
      "get": {
        "tags": [
          "Users"
        ],
        "description": "Endpoint responsible for searching a user by user_id in the users collection.",
        "parameters": [],
        "responses": {
          "401": {
            "description": "Unauthorized"
          }
        },
        "security": [
          {
            "ApiKeyAuth": []
          }
        ]
      },
      "delete": {
        "tags": [
          "Users"
        ],
        "description": "Endpoint responsible for delete a user and your ads, searching by user_id in the users collection.",
        "parameters": [],
        "responses": {
          "401": {
            "description": "Unauthorized"
          }
        },
        "security": [
          {
            "ApiKeyAuth": []
          }
        ]
      },
      "patch": {
        "tags": [
          "Users"
        ],
        "description": "Endpoint responsible for update the register of a user in the database.",
        "parameters": [
          {
            "name": "obj",
            "in": "body",
            "schema": {
              "type": "object",
              "properties": {
                "dataAlteracao": {
                  "example": "any"
                },
                "enderecoUser": {
                  "example": "any"
                },
                "senhaNova": {
                  "example": "any"
                },
                "statusCadastro": {
                  "example": "any"
                },
                "SenhaAtual": {
                  "example": "any"
                },
                "senhaAtual": {
                  "example": "any"
                },
                "senhaUser": {
                  "example": "any"
                },
                "senhaNova\r": {
                  "example": "any"
                }
              }
            }
          }
        ],
        "responses": {
          "401": {
            "description": "Unauthorized"
          }
        },
        "security": [
          {
            "ApiKeyAuth": []
          }
        ]
      }
    },
    "/anuncios": {
      "get": {
        "tags": [
          "Sales"
        ],
        "description": "Endpoint responsible for searching all existing records in the ad collection.",
        "parameters": [],
        "responses": {
          "200": {
            "description": "OK"
          }
        }
      },
      "post": {
        "tags": [
          "Sales"
        ],
        "description": "Endpoint responsible for feeding a collection of ads, from a csv file.",
        "consumes": [
          "multipart/form-data"
        ],
        "parameters": [
          {
            "name": "file",
            "in": "formData",
            "type": "file",
            "required": "true",
            "description": "CSV file containing vehicle ad data to be registered. The CSV file must be in the expected format."
          }
        ],
        "responses": {
          "401": {
            "description": "Unauthorized"
          },
          "500": {
            "description": "Internal Server Error"
          }
        },
        "security": [
          {
            "ApiKeyAuth": []
          }
        ]
      }
    },
    "/anuncios/userid": {
      "get": {
        "tags": [
          "Sales"
        ],
        "description": "Endpoint responsible for searching all existing ads from a one user, searching by user_id in the users collection.",
        "parameters": [],
        "responses": {
          "200": {
            "description": "OK"
          },
          "401": {
            "description": "Unauthorized"
          }
        },
        "security": [
          {
            "ApiKeyAuth": []
          }
        ]
      }
    },
    "/anuncios/{anuncioId}": {
      "get": {
        "tags": [
          "Sales"
        ],
        "description": "Endpoint responsible for searching a ad by your respective anuncioID existing in the ad collection.",
        "parameters": [
          {
            "name": "anuncioId",
            "in": "path",
            "required": true,
            "type": "string"
          }
        ],
        "responses": {
          "200": {
            "description": "OK"
          }
        }
      },
      "delete": {
        "tags": [
          "Sales"
        ],
        "description": "Endpoint responsible for delete a ad from ad colletion, searching by your respective anuncioID existing in the ad collection.",
        "parameters": [
          {
            "name": "anuncioId",
            "in": "path",
            "required": true,
            "type": "string"
          }
        ],
        "responses": {
          "401": {
            "description": "Unauthorized"
          }
        },
        "security": [
          {
            "ApiKeyAuth": []
          }
        ]
      },
      "patch": {
        "tags": [
          "Sales"
        ],
        "description": "Endpoint responsible for update the register of a ad in the ad collection.",
        "consumes": [
          "multipart/form-data"
        ],
        "parameters": [
          {
            "name": "anuncioId",
            "in": "path",
            "required": true,
            "type": "string"
          },
          {
            "name": "image",
            "in": "formData",
            "type": "file",
            "description": "Advertised vehicle image."
          },
          {
            "name": "obj",
            "in": "body",
            "schema": {
              "type": "object",
              "properties": {
                "dataAlteracao": {
                  "example": "any"
                },
                "urlImage": {
                  "example": "any"
                },
                "deletarFoto": {
                  "example": "any"
                },
                "dataAlteracao\r": {
                  "example": "any"
                },
                "statusAnuncio": {
                  "example": "any"
                }
              }
            }
          }
        ],
        "responses": {
          "401": {
            "description": "Unauthorized"
          }
        },
        "security": [
          {
            "ApiKeyAuth": []
          }
        ]
      }
    },
    "/anuncios/{anuncioId}/numvisitas": {
      "patch": {
        "tags": [
          "Sales"
        ],
        "description": "Endpoint responsible for update the register of a visit number in a ad in the ad collection.",
        "parameters": [
          {
            "name": "anuncioId",
            "in": "path",
            "required": true,
            "type": "string"
          },
          {
            "name": "obj",
            "in": "body",
            "schema": {
              "type": "object",
              "properties": {
                "contagem": {
                  "example": "any"
                },
                "numVisitas": {
                  "example": "any"
                },
                "contagem\r": {
                  "example": "any"
                }
              }
            }
          }
        ],
        "responses": {}
      }
    },
    "/anuncios/{anuncioId}/numcontatos": {
      "patch": {
        "tags": [
          "Sales"
        ],
        "description": "Endpoint responsible for update the register of a contat numbers for one ad in the ad collection.",
        "parameters": [
          {
            "name": "anuncioId",
            "in": "path",
            "required": true,
            "type": "string"
          },
          {
            "name": "obj",
            "in": "body",
            "schema": {
              "type": "object",
              "properties": {
                "contagem": {
                  "example": "any"
                },
                "numContatos": {
                  "example": "any"
                },
                "contagem\r": {
                  "example": "any"
                }
              }
            }
          }
        ],
        "responses": {}
      }
    }
  },
  "definitions": {
    "Login": {
      "type": "object",
      "properties": {
        "emailUser": {
          "type": "string",
          "example": "emailUser@email.com"
        },
        "senhaUser": {
          "type": "string",
          "example": "any"
        }
      },
      "required": [
        "emailUser",
        "senhaUser"
      ]
    },
    "Update_User": {
      "type": "object",
      "properties": {
        "userId": {
          "type": "string",
          "example": "615d96f20ba44e99c1b75aa7"
        },
        "Json": {
          "type": "object",
          "properties": {
            "dataAlteracao": {
              "type": "string",
              "example": "2022-10-06T12:53:54.139+00:00"
            },
            "enderecoUser": {
              "type": "string",
              "example": "teste"
            },
            "senhaNova": {
              "type": "string",
              "example": "teste"
            },
            "statusCadastro": {
              "type": "string",
              "example": "teste"
            },
            "senhaAtual": {
              "type": "string",
              "example": "Rn7naw7mcf"
            },
            "senhaUser": {
              "type": "string",
              "example": "Rn7naw7mcf"
            },
            "senhaNova_r": {
              "type": "string",
              "example": "teste"
            }
          }
        }
      },
      "required": [
        "userId"
      ]
    },
    "Anuncios": {
      "type": "object",
      "properties": {
        "anuncioId": {
          "type": "string",
          "example": "615d96f20ba44e99c1b75aa7"
        }
      },
      "required": [
        "anuncioId"
      ]
    },
    "Update_Anuncio": {
      "type": "object",
      "properties": {
        "anuncioId": {
          "type": "string",
          "example": "615d96f20ba44e99c1b75aa7"
        },
        "Json": {
          "type": "object",
          "properties": {
            "dataAlteracao": {
              "type": "string",
              "example": "2022-10-06T12:53:54.139+00:00"
            },
            "statusAnuncio": {
              "type": "string",
              "example": "vendido"
            },
            "dataAlteracao_r": {
              "type": "string",
              "example": "2022-10-06T12:53:54.139+00:00"
            }
          },
          "required": [
            "dataAlteracao",
            "statusAnuncio",
            "dataAlteracao_r"
          ]
        }
      },
      "required": [
        "anuncioId"
      ]
    },
    "Num_visitas_Anuncio": {
      "type": "object",
      "properties": {
        "anuncioId": {
          "type": "string",
          "example": "615d96f20ba44e99c1b75aa7"
        },
        "Json": {
          "type": "object",
          "properties": {
            "contagem": {
              "type": "string",
              "example": "1"
            },
            "numVisitas": {
              "type": "string",
              "example": "2"
            },
            "contagem_r": {
              "type": "string",
              "example": "3"
            }
          }
        }
      },
      "required": [
        "anuncioId"
      ]
    },
    "Num_contatos_Anuncio": {
      "type": "object",
      "properties": {
        "anuncioId": {
          "type": "string",
          "example": "615d96f20ba44e99c1b75aa7"
        },
        "Json": {
          "type": "object",
          "properties": {
            "contagem": {
              "type": "string",
              "example": "1"
            },
            "numContatos": {
              "type": "string",
              "example": "2"
            },
            "contagem_r": {
              "type": "string",
              "example": "3"
            }
          }
        }
      },
      "required": [
        "anuncioId"
      ]
    }
  }
}